{"head":{"x":0,"y":20,"enabled":false,"halign":"LEFT","valign":"TOP"},"ring_2":{"x":0,"y":80,"enabled":false,"halign":"LEFT","valign":"TOP"},"charm":{"x":0,"y":40,"enabled":false,"halign":"LEFT","valign":"TOP"},"ring":{"x":0,"y":60,"enabled":false,"halign":"LEFT","valign":"TOP"},"belt":{"x":0,"y":100,"enabled":false,"halign":"LEFT","valign":"TOP"},"back":{"x":0,"y":120,"enabled":false,"halign":"LEFT","valign":"TOP"},"necklace":{"x":0,"y":140,"enabled":false,"halign":"LEFT","valign":"TOP"},"body":{"x":0,"y":160,"enabled":false,"halign":"LEFT","valign":"TOP"}}