{
  "corpse:corpse": null,
  "globalxp:display": null,
  "lootr:info": null,
  "lootr:inventory": null,
  "mekanism:data_provider": null,
  "mekanism:entity_data_provider": null,
  "mekanism:tooltip_renderer": null,
  "mekanism:remove_builtin": null,
  "twilightforest:quest_ram_wool": null,
  "delightful:crop_progress": null,
  "waystones:waystone": null,
  "appliedcooking:kitchen_station": null,
  "refinedcooking:kitchen_station": null,
  "refinedcooking:kitchen_access_point": null,
  "cookingforblockheads:milk_jar": null,
  "cookingforblockheads:toaster": null,
  "cookingforblockheads:oven": null,
  "cookingforblockheads:fridge": null,
  "cookingforblockheads:sink": null,
  "minecraft:brewing_stand": null,
  "minecraft:beehive": null,
  "minecraft:command_block": null,
  "minecraft:jukebox": null,
  "minecraft:lectern": null,
  "minecraft:redstone": null,
  "minecraft:furnace": null,
  "minecraft:animal_owner": null,
  "minecraft:potion_effects": null,
  "minecraft:mob_growth": null,
  "minecraft:mob_breeding": null,
  "minecraft:chicken_egg": null,
  "minecraft:block_states": null,
  "minecraft:horse_stats": null,
  "minecraft:item_frame": null,
  "minecraft:tnt_stability": null,
  "minecraft:note_block": null,
  "minecraft:armor_stand": null,
  "minecraft:painting": null,
  "minecraft:harvest_tool": null,
  "minecraft:enchantment_power": null,
  "minecraft:total_enchantment_power": null,
  "minecraft:player_head": null,
  "minecraft:villager_profession": null,
  "minecraft:item_tooltip": null,
  "minecraft:falling_block": null,
  "minecraft:entity_health": null,
  "minecraft:entity_armor": null,
  "minecraft:crop_progress": null,
  "minecraft:mob_spawner": null,
  "minecraft:block_inventory": null,
  "minecraft:fluid": null,
  "minecraft:energy_storage": null,
  "minecraft:progress": null,
  "jade:object_name": null,
  "jade:registry_name": null,
  "jade:mod_name": null,
  "jade:distance": null,
  "jade:block_face": null,
  "ae2:server_data": null,
  "ae2:charger": null,
  "ae2:crafting_monitor": null,
  "ae2:pattern_provider": null,
  "ae2:power_storage": null,
  "ae2:grid_node_state": null,
  "ae2:debug": null,
  "ae2:part_name": null,
  "ae2:part_icon": null,
  "ae2:part_tooltip": null,
  "ae2:part_mod_name": null,
  "ic2:renderer": null,
  "ic2:remove_renders_fluid": null,
  "ic2:remove_modid": null,
  "ic2:relocate_modid": null,
  "ic2:wrenchable_info": null,
  "jadecolonies:domum.materials": null,
  "corpse:corpse": null,
  "globalxp:display": null,
  "lootr:info": null,
  "lootr:inventory": null,
  "mekanism:data_provider": null,
  "mekanism:entity_data_provider": null,
  "mekanism:tooltip_renderer": null,
  "mekanism:remove_builtin": null,
  "twilightforest:quest_ram_wool": null,
  "delightful:crop_progress": null,
  "waystones:waystone": null,
  "appliedcooking:kitchen_station": null,
  "refinedcooking:kitchen_station": null,
  "refinedcooking:kitchen_access_point": null,
  "cookingforblockheads:milk_jar": null,
  "cookingforblockheads:toaster": null,
  "cookingforblockheads:oven": null,
  "cookingforblockheads:fridge": null,
  "cookingforblockheads:sink": null,
  "minecraft:brewing_stand": null,
  "minecraft:beehive": null,
  "minecraft:command_block": null,
  "minecraft:jukebox": null,
  "minecraft:lectern": null,
  "minecraft:redstone": null,
  "minecraft:furnace": null,
  "minecraft:animal_owner": null,
  "minecraft:potion_effects": null,
  "minecraft:mob_growth": null,
  "minecraft:mob_breeding": null,
  "minecraft:chicken_egg": null,
  "minecraft:block_states": null,
  "minecraft:horse_stats": null,
  "minecraft:item_frame": null,
  "minecraft:tnt_stability": null,
  "minecraft:note_block": null,
  "minecraft:armor_stand": null,
  "minecraft:painting": null,
  "minecraft:harvest_tool": null,
  "minecraft:enchantment_power": null,
  "minecraft:total_enchantment_power": null,
  "minecraft:player_head": null,
  "minecraft:villager_profession": null,
  "minecraft:item_tooltip": null,
  "minecraft:falling_block": null,
  "minecraft:entity_health": null,
  "minecraft:entity_armor": null,
  "minecraft:crop_progress": null,
  "minecraft:mob_spawner": null,
  "minecraft:block_inventory": null,
  "minecraft:fluid": null,
  "minecraft:energy_storage": null,
  "minecraft:progress": null,
  "jade:object_name": null,
  "jade:registry_name": null,
  "jade:mod_name": null,
  "jade:distance": null,
  "jade:block_face": null,
  "ae2:server_data": null,
  "ae2:charger": null,
  "ae2:crafting_monitor": null,
  "ae2:pattern_provider": null,
  "ae2:power_storage": null,
  "ae2:grid_node_state": null,
  "ae2:debug": null,
  "ae2:part_name": null,
  "ae2:part_icon": null,
  "ae2:part_tooltip": null,
  "ae2:part_mod_name": null,
  "ic2:renderer": null,
  "ic2:remove_renders_fluid": null,
  "ic2:remove_modid": null,
  "ic2:relocate_modid": null,
  "ic2:wrenchable_info": null,
  "jadecolonies:domum.materials": null
}